<HeytingAlgebra size="5">
    <Elements>
        0,1,2,3,4
    </Elements>
    <Meet>
        0,0,0,0,0,
        0,1,1,1,1,
        0,1,2,2,2,
        0,1,2,3,3,
        0,1,2,3,4
    </Meet>
    <Join>
        0,1,2,3,4,
        1,1,2,3,4,
        2,2,2,3,4,
        3,3,3,3,4,
        4,4,4,4,4
    </Join>
</HeytingAlgebra>

<!--<HeytingAlgebra size="6">-->
<!--    <Elements>-->
<!--        0,c,a,b,d,1-->
<!--    </Elements>-->
<!--    <Meet>-->
<!--        0,c,a,b,d,1,-->
<!--        c,d,d,d,d,1,-->
<!--        a,d,d,d,d,1,-->
<!--        b,d,d,d,d,1,-->
<!--        d,d,d,d,d,1,-->
<!--        1,1,1,1,1,1-->
<!--    </Meet>-->
<!--    <Join>-->
<!--        0,c,a,b,d,1,-->
<!--        c,d,d,d,d,1,-->
<!--        a,d,d,d,d,1,-->
<!--        b,d,d,d,d,1,-->
<!--        d,d,d,d,d,1,-->
<!--        1,1,1,1,1,1-->
<!--    </Join>-->
<!--</HeytingAlgebra>-->