<Basis>
    <HeytingAlgebra name="fbPlusHA"/>
    <Star>
        0,0,0,0,0,
        0,0,0,0,1,
        0,0,0,1,2,
        0,0,1,2,3,
        0,1,2,3,4
    </Star>
    <Plus>
        0,1,2,3,4,
        1,2,3,4,4,
        2,3,4,4,4,
        3,4,4,4,4,
        4,4,4,4,4
    </Plus>
</Basis>

<!--<Basis>-->
<!--    <HeytingAlgebra name="fbPlusHA"/>-->
<!--    <Star>-->
<!--        0,1,2,3,4,5,-->
<!--        1,4,4,4,4,5,-->
<!--        2,4,4,4,4,5,-->
<!--        3,4,4,4,4,5,-->
<!--        4,4,4,4,4,5,-->
<!--        5,5,5,5,5,5-->
<!--    </Star>-->
<!--    <Plus>-->
<!--        0,1,2,3,4,5,-->
<!--        1,4,4,4,4,5,-->
<!--        2,4,4,4,4,5,-->
<!--        3,4,4,4,4,5,-->
<!--        4,4,4,4,4,5,-->
<!--        5,5,5,5,5,5-->
<!--    </Plus>-->
<!--</Basis>-->